{
  "best_global_step": 93,
  "best_metric": 0.35913703047645,
  "best_model_checkpoint": "C:\\Users\\hi\\Documents\\hague\\RAG\\artfacts-training\\koelectra_orchestrator_finetuned\\checkpoint-93",
  "epoch": 3.0,
  "eval_steps": 500,
  "global_step": 93,
  "is_hyper_param_search": false,
  "is_local_process_zero": true,
  "is_world_process_zero": true,
  "log_history": [
    {
      "epoch": 1.0,
      "eval_BLOCK_f1": 0.0,
      "eval_BLOCK_precision": 0.0,
      "eval_BLOCK_recall": 0.0,
      "eval_POLICY_BASED_f1": 0.0,
      "eval_POLICY_BASED_precision": 0.0,
      "eval_POLICY_BASED_recall": 0.0,
      "eval_RULE_BASED_f1": 0.6863905325443787,
      "eval_RULE_BASED_precision": 0.5272727272727272,
      "eval_RULE_BASED_recall": 0.9830508474576272,
      "eval_accuracy": 0.4715447154471545,
      "eval_f1": 0.32924423918795404,
      "eval_loss": 1.0959926843643188,
      "eval_precision": 0.2529194382852919,
      "eval_recall": 0.4715447154471545,
      "eval_runtime": 9.5337,
      "eval_samples_per_second": 12.902,
      "eval_steps_per_second": 0.839,
      "step": 31
    },
    {
      "epoch": 1.6129032258064515,
      "grad_norm": 0.689122200012207,
      "learning_rate": 9.800000000000001e-06,
      "loss": 1.098,
      "step": 50
    },
    {
      "epoch": 2.0,
      "eval_BLOCK_f1": 0.0,
      "eval_BLOCK_precision": 0.0,
      "eval_BLOCK_recall": 0.0,
      "eval_POLICY_BASED_f1": 0.0,
      "eval_POLICY_BASED_precision": 0.0,
      "eval_POLICY_BASED_recall": 0.0,
      "eval_RULE_BASED_f1": 0.6483516483516484,
      "eval_RULE_BASED_precision": 0.4796747967479675,
      "eval_RULE_BASED_recall": 1.0,
      "eval_accuracy": 0.4796747967479675,
      "eval_f1": 0.31099794514428664,
      "eval_loss": 1.0677995681762695,
      "eval_precision": 0.23008791063520392,
      "eval_recall": 0.4796747967479675,
      "eval_runtime": 9.6676,
      "eval_samples_per_second": 12.723,
      "eval_steps_per_second": 0.828,
      "step": 62
    },
    {
      "epoch": 3.0,
      "eval_BLOCK_f1": 0.24,
      "eval_BLOCK_precision": 1.0,
      "eval_BLOCK_recall": 0.13636363636363635,
      "eval_POLICY_BASED_f1": 0.0,
      "eval_POLICY_BASED_precision": 0.0,
      "eval_POLICY_BASED_recall": 0.0,
      "eval_RULE_BASED_f1": 0.659217877094972,
      "eval_RULE_BASED_precision": 0.49166666666666664,
      "eval_RULE_BASED_recall": 1.0,
      "eval_accuracy": 0.5040650406504065,
      "eval_f1": 0.35913703047645,
      "eval_loss": 1.0001705884933472,
      "eval_precision": 0.4147018970189702,
      "eval_recall": 0.5040650406504065,
      "eval_runtime": 10.5421,
      "eval_samples_per_second": 11.667,
      "eval_steps_per_second": 0.759,
      "step": 93
    }
  ],
  "logging_steps": 50,
  "max_steps": 310,
  "num_input_tokens_seen": 0,
  "num_train_epochs": 10,
  "save_steps": 500,
  "stateful_callbacks": {
    "EarlyStoppingCallback": {
      "args": {
        "early_stopping_patience": 3,
        "early_stopping_threshold": 0.0
      },
      "attributes": {
        "early_stopping_patience_counter": 0
      }
    },
    "TrainerControl": {
      "args": {
        "should_epoch_stop": false,
        "should_evaluate": false,
        "should_log": false,
        "should_save": true,
        "should_training_stop": false
      },
      "attributes": {}
    }
  },
  "total_flos": 43336293884928.0,
  "train_batch_size": 16,
  "trial_name": null,
  "trial_params": null
}
